{
    "$schema": "https://schema.management.azure.com/schemas/2015-01-01/deploymentParameters.json#",
    "contentVersion": "1.0.0.0",
    "parameters": {
        "serverName": {
            "value": "noiseeventsqlserver"
        },
        "administratorLogin": {
            "value": "NoiseEventAdmin"
        },
        "administratorLoginPassword": {
            "value": null
        },
        "databaseUsername": {
            "value": "NoiseEventAdmin"
        },
        "databasePassword": {
            "value": null
        },
        "databaseName": {
            "value": "NoiseEventDb"
        },
        "edition": {
            "value": "Free"
        },
        "collation": {
            "value": "SQL_Latin1_General_CP1_CI_AS"
        },
        "maxSizeBytes": {
            "value": "33554432"
        },
        "requestedServiceObjectiveId": {
            "value": "6aa3bb3e-7f50-40d6-95ef-5497c30d99d8"
        },
        "serverLocation": {
            "value": "westus2"
        },
        "name": {
            "value": "NoiseEvent"
        },
        "hostingPlanName": {
            "value": "NoiseEventAPI20171019091016Plan"
        },
        "hostingEnvironment": {
            "value": ""
        },
        "location": {
            "value": "South Central US"
        },
        "serverFarmResourceGroup": {
            "value": "NoiseEventResourceGroup"
        },
        "subscriptionId": {
            "value": "d88953c0-f714-4d10-9a08-62c775b88fc5"
        }
    }
}