{
    "parameters": {
        "serverName": {
            "type": "string"
        },
        "administratorLogin": {
            "type": "string"
        },
        "administratorLoginPassword": {
            "type": "securestring"
        },
        "databaseUsername": {
            "type": "string"
        },
        "databasePassword": {
            "type": "securestring"
        },
        "databaseName": {
            "type": "string"
        },
        "edition": {
            "type": "string"
        },
        "collation": {
            "type": "string"
        },
        "maxSizeBytes": {
            "type": "string"
        },
        "requestedServiceObjectiveId": {
            "type": "string"
        },
        "serverLocation": {
            "type": "string"
        },
        "name": {
            "type": "string"
        },
        "hostingPlanName": {
            "type": "string"
        },
        "location": {
            "type": "string"
        },
        "hostingEnvironment": {
            "type": "string"
        },
        "serverFarmResourceGroup": {
            "type": "string"
        },
        "subscriptionId": {
            "type": "string"
        }
    },
    "resources": [
        {
            "name": "[parameters('name')]",
            "type": "Microsoft.Web/sites",
            "properties": {
                "siteConfig": {
                    "connectionStrings": [
                        {
                            "name": "defaultConnection",
                            "ConnectionString": "[concat('Data Source=tcp:' , reference('Microsoft.SQL/servers/noiseeventsqlserver').fullyQualifiedDomainName , ',1433;Initial Catalog=NoiseEventDb;User Id=NoiseEventAdmin@',reference('Microsoft.SQL/servers/noiseeventsqlserver').fullyQualifiedDomainName,';Password=',parameters('administratorLoginPassword'),';')]",
                            "type": "SQLAzure"
                        }
                    ],
                    "appSettings": [
                        {
                            "name": "APPINSIGHTS_INSTRUMENTATIONKEY",
                            "value": "[reference(resourceId('microsoft.insights/components/', parameters('name')), '2015-05-01').InstrumentationKey]"
                        }
                    ]
                },
                "name": "[parameters('name')]",
                "serverFarmId": "[concat('/subscriptions/', parameters('subscriptionId'),'/resourcegroups/', parameters('serverFarmResourceGroup'), '/providers/Microsoft.Web/serverfarms/', parameters('hostingPlanName'))]",
                "hostingEnvironment": "[parameters('hostingEnvironment')]"
            },
            "dependsOn": [
                "[resourceId('microsoft.insights/components/', parameters('name'))]"
            ],
            "apiVersion": "2016-03-01",
            "location": "[parameters('location')]",
            "tags": {
                "[concat('hidden-related:', '/subscriptions/', parameters('subscriptionId'),'/resourcegroups/', parameters('serverFarmResourceGroup'), '/providers/Microsoft.Web/serverfarms/', parameters('hostingPlanName'))]": "empty"
            }
        },
        {
            "apiVersion": "2015-05-01",
            "name": "[parameters('name')]",
            "type": "microsoft.insights/components",
            "location": "West US 2",
            "tags": {
                "[concat('hidden-link:', resourceGroup().id, '/providers/Microsoft.Web/sites/', parameters('name'))]": "Resource"
            },
            "properties": {
                "ApplicationId": "[parameters('name')]",
                "Request_Source": "IbizaWebAppExtensionCreate"
            }
        },
        {
            "name": "[parameters('serverName')]",
            "type": "Microsoft.Sql/servers",
            "location": "[parameters('serverLocation')]",
            "apiVersion": "2014-04-01-preview",
            "properties": {
                "administratorLogin": "[parameters('administratorLogin')]",
                "administratorLoginPassword": "[parameters('administratorLoginPassword')]",
                "version": "12.0"
            },
            "resources": [
                {
                    "name": "[parameters('databaseName')]",
                    "type": "databases",
                    "location": "[parameters('serverLocation')]",
                    "apiVersion": "2014-04-01-preview",
                    "dependsOn": [
                        "[concat('Microsoft.Sql/servers/', parameters('serverName'))]"
                    ],
                    "properties": {
                        "edition": "[parameters('edition')]",
                        "collation": "[parameters('collation')]",
                        "maxSizeBytes": "[parameters('maxSizeBytes')]",
                        "requestedServiceObjectiveId": "[parameters('requestedServiceObjectiveId')]"
                    }
                },
                {
                    "apiVersion": "2014-04-01-preview",
                    "dependsOn": [
                        "[concat('Microsoft.Sql/servers/', parameters('serverName'))]"
                    ],
                    "location": "[parameters('serverLocation')]",
                    "name": "AllowAllWindowsAzureIps",
                    "properties": {
                        "endIpAddress": "0.0.0.0",
                        "startIpAddress": "0.0.0.0"
                    },
                    "type": "firewallrules"
                }
            ]
        }
    ],
    "$schema": "http://schema.management.azure.com/schemas/2014-04-01-preview/deploymentTemplate.json#",
    "contentVersion": "1.0.0.0"
}